{"id":"jdownloader","ideType":"develnext\\bundle\\jurl\\components\\jURLDownloaderComponent","type":"bundle\\jurl\\jURLDownloader","x":48,"y":16,"properties":{"threadCount":1,"savePath":"./download/","selectSavePath":true,"fieldUrl":"fileUrl","labelFileName":"fileName","progressBar":"dwnBar","labelProgress":"dwnPercent","labelSpeed":"dwnSpeed","labelThreads":"dwnThreads","labelDownloaded":"dwnReady","labelTotal":"dwnSize","labelTimeLeft":"dwnTime","buttonStart":"buttonStart","buttonStop":"buttonStop"}}